<?xml version="1.0" encoding="UTF-8"?>
<project-private xmlns="http://www.netbeans.org/ns/project-private/1">
    <editor-bookmarks xmlns="http://www.netbeans.org/ns/editor-bookmarks/2" lastBookmarkId="0"/>
    <open-files xmlns="http://www.netbeans.org/ns/projectui-open-files/2">
        <group>
            <file>file:/C:/Users/Soul/Desktop/Examen%20java/Examen_Soto_Leyton/src/java/DAO/VoucherDAO.java</file>
            <file>file:/C:/Users/Soul/Desktop/Examen%20java/Examen_Soto_Leyton/src/java/Conexion/Conexion.java</file>
            <file>file:/C:/Users/Soul/Desktop/Examen%20java/Examen_Soto_Leyton/src/java/Servlet/VoucherPedido.java</file>
            <file>file:/C:/Users/Soul/Desktop/Examen%20java/Examen_Soto_Leyton/src/java/Servlet/MostrarVoucher.java</file>
            <file>file:/C:/Users/Soul/Desktop/Examen%20java/Examen_Soto_Leyton/web/busquedaPedidos.jsp</file>
        </group>
    </open-files>
</project-private>
